﻿<?xml version="1.0" encoding="UTF-8" standalone="yes"?>
<addon id="Repository.Loud" name="Repository.Loud" version="0.0.2" provider-name="Loud">
	<extension point="xbmc.addon.repository" name="Repository Add-on Repository">
		<info compressed="false">https://raw.githubusercontent.com/RepoLoud/Repository.Loud/master/addons.xml</info>
		<checksum>https://raw.githubusercontent.com/RepoLoud/Repository.Loud/master/addons.xml.md5</checksum>
		<datadir zip="true">https://raw.githubusercontent.com/RepoLoud/Repository.Loud/master/repo/</datadir>
	</extension>
	<extension point="xbmc.addon.metadata">
		<summary>Repository Addon</summary>
		<description>Addon Description</description>
		<disclaimer></disclaimer>
		<platform>all</platform>
	</extension>
</addon>